iteration,features_count,roc_auc,pr_auc,dropped_feature,worst_importance
1,1290,0.7453813162318577,0.733533534595071,feature_0,0.0
2,1289,0.7485130070658589,0.7342445340766675,feature_1,0.0
3,1288,0.7392599958734571,0.7254773246804147,feature_2,0.0
4,1287,0.7446025158381447,0.7216741640609465,feature_3,0.0
5,1286,0.7466010986074609,0.7312214462497943,feature_4,0.0
6,1285,0.7387475604352489,0.7176472960875395,feature_5,0.0
7,1284,0.7451597682371206,0.7272328715328993,feature_6,0.0
8,1283,0.7470864747486021,0.7299281618321856,feature_7,0.0
9,1282,0.7379556531945191,0.7242909863460834,feature_8,0.0
10,1281,0.7422783759009901,0.7217768523006818,feature_9,0.0
11,1280,0.7453297344468234,0.730001335824529,feature_10,0.0
12,1279,0.7400747343960872,0.7197348604974608,feature_681,0.0
13,1278,0.7430208153642688,0.7224440172021509,feature_11,0.0
14,1277,0.7437345043244139,0.7222873969120167,feature_12,0.0
15,1276,0.7408552259958666,0.7243405693216682,feature_14,0.0
16,1275,0.7369789816910032,0.7167249319460051,feature_15,0.0
17,1274,0.7401833943858723,0.7206197569218666,feature_16,0.0
18,1273,0.7323772099835277,0.708584076650397,feature_17,0.0
19,1272,0.7467034165744959,0.7311969726950301,feature_18,0.0
20,1271,0.7424356580651925,0.7281754576007469,feature_685,0.0
21,1270,0.7469173541419327,0.7370462731172438,feature_684,0.0
22,1269,0.7460797843374024,0.730610162567979,feature_686,0.0
23,1268,0.7441116432772867,0.7237866492850065,feature_683,0.0
24,1267,0.7433252324562738,0.724869464153687,feature_19,0.0
25,1266,0.7433869614777082,0.7246415071205323,feature_20,0.0
26,1265,0.7436588228529293,0.7275752094321091,feature_21,0.0
27,1264,0.74634065287319,0.7246631312025942,feature_22,0.0
28,1263,0.7444393144527087,0.7295598231642428,feature_23,0.0
29,1262,0.7453217012180067,0.7340552582050348,feature_24,0.0
30,1261,0.753291509807304,0.7380531565662568,feature_25,0.0
31,1260,0.748191677913187,0.7312360919219164,feature_26,0.0
32,1259,0.7425963226415286,0.726523970239552,feature_27,0.0
33,1258,0.7466996113608458,0.7297949854650394,feature_28,0.0
34,1257,0.7500097244348836,0.7349660614392888,feature_29,0.0
35,1256,0.7427231630965305,0.7307391852783673,feature_692,0.0
36,1255,0.7407152786938478,0.7243118246286472,feature_30,0.0
37,1254,0.7487265218317791,0.7303144364442231,feature_31,0.0
38,1253,0.7470002232392008,0.7254325083142577,feature_32,0.0
39,1252,0.7410446410753364,0.7206907969461227,feature_33,0.0
40,1251,0.7470095248725677,0.7324434030612742,feature_34,0.0
41,1250,0.7447995413449147,0.7274198595607329,feature_695,0.0
42,1249,0.7419950988848186,0.7317781470634521,feature_35,0.0
43,1248,0.7449103153422832,0.7220791520265372,feature_36,0.0
44,1247,0.743397531515625,0.7292378787873128,feature_37,0.0
45,1246,0.7456159710736115,0.7301036287394274,feature_38,0.0
46,1245,0.7467837488626639,0.7306324988321568,feature_39,0.0
47,1244,0.7469232733631661,0.7305619939698996,feature_698,0.0
48,1243,0.7457326642922133,0.727658207065308,feature_699,0.0
49,1242,0.7499932351757332,0.7307268587837775,feature_697,0.0
50,1241,0.7479303865758826,0.7334516268781764,feature_700,0.0
51,1240,0.7454832113973759,0.7267682491717101,feature_696,0.0
52,1239,0.747885992416632,0.7317928298725342,feature_702,0.0
53,1238,0.7461055752299195,0.7341890087737448,feature_694,0.0
54,1237,0.7424411544849092,0.7333584852043175,feature_703,0.0
55,1236,0.7468826844175654,0.7273465096761828,feature_693,0.0
56,1235,0.7455914485856443,0.7287174328499355,feature_40,0.0
57,1234,0.7382106025090733,0.7202719270122664,feature_41,0.0
58,1233,0.7446042070442116,0.7281280939912873,feature_42,0.0
59,1232,0.7434064103474753,0.7263804188575784,feature_43,0.0
60,1231,0.746417179947708,0.7285940085389667,feature_44,0.0
61,1230,0.7466099774393112,0.7312252066040545,feature_45,0.0
62,1229,0.7475938365686106,0.726668510074604,feature_46,0.0
63,1228,0.7457216714527798,0.7316972267542167,feature_707,0.0
64,1227,0.7446570572337957,0.7318216999302724,feature_1344,0.0
65,1226,0.7446579028368291,0.7318175264279236,feature_706,0.0
66,1225,0.7436723525014629,0.7287273613483051,feature_47,0.0
67,1224,0.7397758137237991,0.7207948370721118,feature_48,0.0
68,1223,0.7483582617107565,0.7326712794673926,feature_49,0.0
69,1222,0.7449703531576508,0.7364732954271023,feature_51,0.0
70,1221,0.7438283662611154,0.7284628951588573,feature_52,0.0
71,1220,0.7471435529533532,0.7383422953913652,feature_53,0.0
72,1219,0.740572371781212,0.7301671773082875,feature_54,0.0
73,1218,0.7419917164726852,0.7270342526825029,feature_56,0.0
74,1217,0.7479819683609169,0.7318836826141231,feature_57,0.0
75,1216,0.7466061722256611,0.7318515985766828,feature_58,0.0
76,1215,0.7412640750624901,0.7229074626401637,feature_59,0.0
77,1214,0.7447682540326809,0.7256640904270536,feature_60,0.0
78,1213,0.7427650204466814,0.7240237795161922,feature_61,0.0
79,1212,0.743450804506726,0.722814132725049,feature_62,0.0
80,1211,0.7482673593846716,0.7336829628772423,feature_63,0.0
81,1210,0.7409013113611841,0.7190197598483745,feature_64,0.0
82,1209,0.7446650904626125,0.7266373477665011,feature_65,0.0
83,1208,0.7433518689518244,0.7247233603191363,feature_66,0.0
84,1207,0.7385213616238283,0.716864677109702,feature_68,0.0
85,1206,0.741440383294943,0.7238810060927531,feature_69,0.0
86,1205,0.7451466613901037,0.7293204179197261,feature_70,0.0
87,1204,0.7394045939921595,0.7332092374569412,feature_72,0.0
88,1203,0.7446743920959793,0.7272638078655465,feature_719,0.0
89,1202,0.7390765000152208,0.7183842629495617,feature_73,0.0
90,1201,0.743113831697937,0.7244367839964554,feature_74,0.0
91,1200,0.7466628276288952,0.7353633394627801,feature_75,0.0
92,1199,0.7436596684559627,0.7227016244139182,feature_76,0.0
93,1198,0.7440921944075198,0.7254067586703752,feature_77,0.0
94,1197,0.746262857394122,0.7265470548167539,feature_78,0.0
95,1196,0.7422293309250558,0.7282089849625606,feature_79,0.0
96,1195,0.7436757349135963,0.7296561815726987,feature_80,0.0
97,1194,0.740766860478882,0.7255434208878679,feature_81,0.0
98,1193,0.740896237742984,0.7217854862476313,feature_82,0.0
99,1192,0.7447902397115478,0.7243384915240371,feature_83,0.0
100,1191,0.7384528677781272,0.7257545577598418,feature_84,0.0
101,1190,0.7475536704245267,0.7380139069856919,feature_85,0.0
102,1189,0.7439442138766841,0.7316576957858297,feature_86,0.0
103,1188,0.7446828481263128,0.7315346671587899,feature_87,0.0
104,1187,0.7402852895513906,0.7201392975983469,feature_88,0.0
105,1186,0.7454891306186094,0.7258921093028208,feature_90,0.0
106,1185,0.7453766654151741,0.731572281236563,feature_91,0.0
107,1184,0.7406966754271141,0.7217862576958614,feature_729,0.0
108,1183,0.7453094399740232,0.731689449726282,feature_730,0.0
109,1182,0.750392359807473,0.7397357327553584,feature_728,0.0
110,1181,0.742107564088254,0.7324430569779701,feature_1343,0.0
111,1180,0.7421007992639872,0.7324493395829761,feature_727,0.0
112,1179,0.7391767039746724,0.7256846433741952,feature_1342,0.0
113,1178,0.7391792407837725,0.7256959473560161,feature_726,0.0
114,1177,0.7507301782192953,0.7346052145336686,feature_718,0.0
115,1176,0.742398874333242,0.7271329264793628,feature_717,0.0
116,1175,0.7421532266520545,0.7294434848765319,feature_732,0.0
117,1174,0.7509301633366818,0.7370032927299298,feature_1341,0.0
118,1173,0.7509191704972484,0.7369795862614684,feature_1340,0.0
119,1172,0.7509140968790483,0.7369691923206045,feature_725,0.0
120,1171,0.7420936116382036,0.7326231379105143,feature_1339,0.0
121,1170,0.7411638711030384,0.7287665051728596,feature_724,0.0
122,1169,0.7375243956475119,0.7188180404554574,feature_1338,0.0
123,1168,0.737521858838412,0.7187810892039107,feature_723,0.0
124,1167,0.7485210402946757,0.7327369257018583,feature_1337,0.0
125,1166,0.7485117386613088,0.7327150118655751,feature_722,0.0
126,1165,0.7367942174282167,0.7168477980017813,feature_1336,0.0
127,1164,0.7367942174282168,0.7168548389048182,feature_721,0.0
128,1163,0.743332842883574,0.731000640239716,feature_1335,0.0
129,1162,0.7433319972805406,0.7310057297057861,feature_716,0.0
130,1161,0.7471938663338373,0.7264196182139168,feature_1334,0.0
131,1160,0.7471921751277705,0.7264174231536717,feature_715,0.0
132,1159,0.737462243824561,0.7212302425895383,feature_1333,0.0
133,1158,0.7374630894275944,0.7212276056105992,feature_714,0.0
134,1157,0.743313394013807,0.7278272455850765,feature_1332,0.0
135,1156,0.7433125484107737,0.727820594509615,feature_713,0.0
136,1155,0.7478589331195649,0.732847182589315,feature_705,0.0
137,1154,0.7389293650874184,0.7240153137874853,feature_1331,0.0
138,1153,0.7389293650874185,0.7240070294570728,feature_1330,0.0
139,1152,0.7389285194843851,0.7240108496272031,feature_712,0.0
140,1151,0.7441006504378531,0.7224649307019804,feature_1329,0.0
141,1150,0.7441065696590867,0.7224761442427831,feature_711,0.0
142,1149,0.7510049992051331,0.7290654332214879,feature_1328,0.0
143,1148,0.7510075360142331,0.7290606410649617,feature_710,0.0
144,1147,0.7449944528441013,0.7341887269109555,feature_1327,0.0
145,1146,0.744996144050168,0.7341891808119841,feature_709,0.0
146,1145,0.7401719787449221,0.7220201401069966,feature_1326,0.0
147,1144,0.7401694419358222,0.7220229923851507,feature_1325,0.0
148,1143,0.7401702875388554,0.7220243448326058,feature_1324,0.0
149,1142,0.7401770523631223,0.7220430127730515,feature_1323,0.0
150,1141,0.7401728243479555,0.7220235308548247,feature_1322,0.0
151,1140,0.7401795891722223,0.7220471171978216,feature_691,0.0
152,1139,0.7486639472073113,0.7312768487772954,feature_1321,0.0
153,1138,0.7486588735891113,0.7312686583893581,feature_690,0.0
154,1137,0.738910339019168,0.7204527680378958,feature_1320,0.0
155,1136,0.7389171038434349,0.7204611531482134,feature_689,0.0
156,1135,0.736769272138733,0.7213104613745953,feature_704,0.0
157,1134,0.747475452143942,0.7310492191603573,feature_688,0.0
158,1133,0.7400696607778872,0.7238190812714758,feature_633,0.0
159,1132,0.7461182592754196,0.7302846621146247,feature_1319,0.0
160,1131,0.746119104878453,0.7302890401255304,feature_1318,0.0
161,1130,0.7461199504814864,0.7302731736319208,feature_687,0.0
162,1129,0.7471093060305025,0.727575262826871,feature_708,0.0
163,1128,0.7408087178290327,0.7278433795500475,feature_682,0.0
164,1127,0.7365202420454122,0.7158181971241465,feature_1317,0.0
165,1126,0.736521933251479,0.7158276063045605,feature_680,0.0
166,1125,0.7474809485636587,0.7275667275705875,feature_1316,0.0
167,1124,0.7474758749454585,0.7275632228662245,feature_679,0.0
168,1123,0.7370872188792715,0.7199911042934439,feature_1315,0.0
169,1122,0.7370931381005049,0.7200013601152414,feature_678,0.0
170,1121,0.7367472864598659,0.7209273444312496,feature_1314,0.0
171,1120,0.7367464408568326,0.7209333199648602,feature_677,0.0
172,1119,0.7463368476595398,0.7253349770235402,feature_1313,0.0
173,1118,0.7463326196443731,0.7253288945603283,feature_675,0.0
174,1117,0.7400282262292531,0.7234645980687817,feature_1312,0.0
175,1116,0.7400248438171197,0.7234636249099365,feature_674,0.0
176,1115,0.7388359259522336,0.7124897431411749,feature_1311,0.0
177,1114,0.7388376171583002,0.7124884654725379,feature_673,0.0
178,1113,0.7497911360507632,0.7351403232956601,feature_1310,0.0
179,1112,0.7497759151961632,0.7351499365721021,feature_672,0.0
180,1111,0.7387306483745818,0.7219284588142203,feature_1309,0.0
181,1110,0.7387331851836819,0.7219288197490265,feature_671,0.0
182,1109,0.7396007738958961,0.7260942867661375,feature_1308,0.0
183,1108,0.7396058475140962,0.7261185164690547,feature_670,0.0
184,1107,0.742554465291378,0.7204592145672428,feature_1307,0.0
185,1106,0.7425434724519443,0.7204783080105768,feature_669,0.0
186,1105,0.739487040287911,0.7163782151876885,feature_1306,0.0
187,1104,0.7394845034788109,0.7163659491416255,feature_668,0.0
188,1103,0.7410053205342859,0.7279440424060697,feature_1305,0.0
189,1102,0.7409545843522851,0.7279405134189822,feature_667,0.0
190,1101,0.7438626131839661,0.7190906650490148,feature_1304,0.0
191,1100,0.7438651499930661,0.7190924715392019,feature_666,0.0
192,1099,0.7418234414690492,0.7263751533121114,feature_1303,0.0
193,1098,0.7418378167206161,0.7263864407742154,feature_665,0.0
194,1097,0.7437501479805309,0.7250391904737407,feature_1302,0.0
195,1096,0.7437543759956977,0.7250220947771874,feature_664,0.0
196,1095,0.7514062378444564,0.736840082724469,feature_1301,0.0
197,1094,0.7514163850808565,0.736851136260034,feature_663,0.0
198,1093,0.7313193605888103,0.717935663291638,feature_1300,0.0
199,1092,0.7313286622221771,0.7179501948249676,feature_662,0.0
200,1091,0.743145119010171,0.723954394639475,feature_1299,0.0
201,1090,0.7431400453919708,0.7239412202903532,feature_1298,0.0
202,1089,0.7421299725686377,0.7206906630846721,feature_1297,0.0
203,1088,0.7431442734071375,0.7239458175308605,feature_660,0.0
204,1087,0.7483104851393724,0.7351097859226572,feature_661,0.0
205,1086,0.7342392278629581,0.7189555984771305,feature_659,0.0
206,1085,0.7462768098441723,0.7243873942242265,feature_1283,0.0
207,1084,0.741820059056916,0.7182994174278869,feature_658,0.0
208,1083,0.7476247010793278,0.7317413806924251,feature_652,0.0
209,1082,0.7378495300138341,0.7206652556940698,feature_650,0.0
210,1081,0.7418589567964498,0.7227645154909016,feature_733,0.0
211,1080,0.7434990038796266,0.7288901494456396,feature_1296,0.0
212,1079,0.7434998494826599,0.7288895787077125,feature_1295,0.0
213,1078,0.7435006950856934,0.7288936633366812,feature_657,0.0
214,1077,0.7331712312318406,0.713387226287111,feature_1294,0.0
215,1076,0.7331796872621742,0.7135841555777385,feature_656,0.0
216,1075,0.7450845095671527,0.7294692413459132,feature_1293,0.0
217,1074,0.7450836639641193,0.7294633805389417,feature_655,0.0
218,1073,0.7436317635558622,0.7269210290620398,feature_1292,0.0
219,1072,0.7436309179528289,0.7269164657511648,feature_654,0.0
220,1071,0.7363798719418766,0.7219330289810801,feature_1291,0.0
221,1070,0.7363798719418766,0.7219471661889977,feature_1284,0.0
222,1069,0.7373146860952419,0.7206781184622753,feature_1282,0.0
223,1068,0.737542576112729,0.7214634391359084,feature_651,0.0
224,1067,0.7442452485565556,0.7329715280839026,feature_646,0.0
225,1066,0.7503589584876559,0.7341218462652992,feature_1290,0.0
226,1065,0.7503581128846225,0.7341213109677704,feature_1289,0.0
227,1064,0.7503598040906891,0.7341265809027996,feature_641,0.0
228,1063,0.7301870981271584,0.7110488513760824,feature_653,0.0
229,1062,0.7440478002482691,0.7271008555446152,feature_644,0.0
230,1061,0.7406569320845469,0.7237951229473654,feature_639,0.0
231,1060,0.737589084279563,0.7238462500691674,feature_642,0.0
232,1059,0.7421401198050377,0.7230115089970741,feature_734,0.0
233,1058,0.7438139910095486,0.7290604196749679,feature_637,0.0
234,1057,0.7335652822453804,0.7081020949083074,feature_735,0.0
235,1056,0.7407203523120477,0.7270843909434629,feature_640,0.0
236,1055,0.7437167466607136,0.7273400526471736,feature_736,0.0
237,1054,0.7384296136947104,0.7204521441929054,feature_1274,0.0
238,1053,0.7429311814427341,0.7289822291252179,feature_638,0.0
239,1052,0.740385916312359,0.7214556057767509,feature_636,0.0
240,1051,0.7405043007370276,0.7262872299099772,feature_605,0.0
241,1050,0.7315992551928482,0.7120862508434391,feature_737,0.0
242,1049,0.7395115627758779,0.7138232174843143,feature_738,0.0
243,1048,0.7360965949257053,0.714122728406419,feature_634,0.0
244,1047,0.7344345621636613,0.7128304393133438,feature_739,0.0
245,1046,0.7444012623162082,0.727748027210889,feature_635,0.0
246,1045,0.7349630640595033,0.7191415342458864,feature_741,0.0
247,1044,0.7331264142710733,0.7157158592052607,feature_731,0.0
248,1043,0.7478669663483817,0.7355783463792485,feature_742,0.0
249,1042,0.7347618105375668,0.7204073597218902,feature_632,0.0
250,1041,0.7328727333610692,0.7116585617830311,feature_743,0.0
251,1040,0.7479130517136992,0.735643288686637,feature_1271,0.0
252,1039,0.7474682645181585,0.7360569816632148,feature_1288,0.0
253,1038,0.747464882106025,0.7360578310138141,feature_1287,0.0
254,1037,0.7467139866124127,0.7338192785243844,feature_1286,0.0
255,1036,0.7476568339945948,0.7362043670646548,feature_647,0.0
256,1035,0.735524544473646,0.7188413284988463,feature_1285,0.0
257,1034,0.735527081282746,0.7188499015897886,feature_1281,0.0
258,1033,0.7355287724888128,0.7188281598190247,feature_1280,0.0
259,1032,0.735524544473646,0.7188463280568211,feature_643,0.0
260,1031,0.7408738292626005,0.7286563234618586,feature_1279,0.0
261,1030,0.7408645276292335,0.7286394107653467,feature_618,0.0
262,1029,0.7454616485200256,0.7299573138036421,feature_620,0.0
263,1028,0.7362052549154905,0.7190451988107271,feature_645,0.0
264,1027,0.7391352694260386,0.7270197256951076,feature_614,0.0
265,1026,0.7425134535442606,0.7266592879397847,feature_615,0.0
266,1025,0.7369460031727025,0.7206752375302312,feature_1269,0.0
267,1024,0.7325061644461132,0.7145826031766614,feature_648,0.0
268,1023,0.7339157847027029,0.708124763918576,feature_1277,0.0
269,1022,0.7339157847027029,0.708124763918576,feature_631,0.0
270,1021,0.7425624985201946,0.7289106249386883,feature_1276,0.0
271,1020,0.7425540424898611,0.7288947026738211,feature_1275,0.0
272,1019,0.7425591161080612,0.7289052007383027,feature_1273,0.0
273,1018,0.7425616529171614,0.7289114972387882,feature_629,0.0
274,1017,0.7342024441310077,0.7181733297824806,feature_1272,0.0
275,1016,0.7342032897340409,0.7181718721949782,feature_627,0.0
276,1015,0.7420834644018035,0.7179639479078845,feature_1270,0.0
277,1014,0.7420860012109035,0.7179665571007893,feature_626,0.0
278,1013,0.7388524152113839,0.7212869230855663,feature_1268,0.0
279,1012,0.7388439591810503,0.7213540781577144,feature_625,0.0
280,1011,0.7302090838060254,0.7116557515186825,feature_1267,0.0
281,1010,0.7302057013938921,0.7116428178114804,feature_624,0.0
282,1009,0.7383023504381916,0.7206534798251428,feature_1266,0.0
283,1008,0.7383031960412249,0.7206513080092909,feature_623,0.0
284,1007,0.7440313109891189,0.7249295638366662,feature_1265,0.0
285,1006,0.7440321565921522,0.7249304000557985,feature_1264,0.0
286,1005,0.7440321565921523,0.7249339191175934,feature_1263,0.0
287,1004,0.7440363846073189,0.7249395197593317,feature_621,0.0
288,1003,0.7325716986811975,0.7091689872521567,feature_622,0.0
289,1002,0.7367455952537993,0.7279074298428196,feature_1262,0.0
290,1001,0.7367405216355993,0.7278947703540934,feature_1261,0.0
291,1000,0.7367396760325658,0.7278868223190279,feature_617,0.0
292,999,0.7449005909073997,0.7285959307582516,feature_1260,0.0
293,998,0.7449132749528999,0.7286143186882413,feature_616,0.0
294,997,0.733575006680264,0.7169758322668731,feature_619,0.0
295,996,0.7407693972879819,0.7293123273881027,feature_613,0.0
296,995,0.7496199014365105,0.7319597512280278,feature_1259,0.0
297,994,0.7496207470395438,0.7319594131535161,feature_612,0.0
298,993,0.732907825886953,0.708674578336571,feature_1258,0.0
299,992,0.7329128995051531,0.7086935509165961,feature_611,0.0
300,991,0.7350459331567714,0.7153549933563574,feature_630,0.0
301,990,0.7359697544707033,0.7180758867646191,feature_610,0.0
302,989,0.739879400095384,0.7230592832460014,feature_1257,0.0
303,988,0.739871789668084,0.7230375707196417,feature_609,0.0
304,987,0.7391602147155223,0.7211369414043254,feature_1256,0.0
305,986,0.7391635971276556,0.7211506144979962,feature_608,0.0
306,985,0.7415803305969619,0.7177882408634595,feature_1255,0.0
307,984,0.7469072069055326,0.7302415331062182,feature_607,0.0
308,983,0.7383543550247424,0.7183034675914033,feature_1254,0.0
309,982,0.7383594286429425,0.7183184345715473,feature_606,0.0
310,981,0.7340506583865218,0.7126338280169593,feature_1253,0.0
311,980,0.7340506583865218,0.7126338280169593,feature_604,0.0
312,979,0.743230524916539,0.7232882090325782,feature_1252,0.0
313,978,0.7432271425044056,0.7232806617823174,feature_603,0.0
314,977,0.7330240963040382,0.711076482517538,feature_1251,0.0
315,976,0.7330274787161717,0.7110909943987892,feature_602,0.0
316,975,0.7426610112735796,0.7298667416932046,feature_1250,0.0
317,974,0.742664393685713,0.7298758585670791,feature_601,0.0
318,973,0.7390283006423201,0.716504855831134,feature_568,0.0
319,972,0.7397525596403819,0.7223644432549009,feature_597,0.0
320,971,0.734854826871235,0.7156856992772878,feature_744,0.0
321,970,0.7465435976011934,0.7293926370481821,feature_578,0.0
322,969,0.7410771967921204,0.722900392104869,feature_746,0.0
323,968,0.7396291015975133,0.7188647363501041,feature_1249,0.0
324,967,0.7396299472005466,0.7188731710301038,feature_1248,0.0
325,966,0.7396324840096467,0.7188744545628745,feature_1247,0.0
326,965,0.7396367120248133,0.7188842195460541,feature_1246,0.0
327,964,0.7396324840096467,0.7188788654212432,feature_599,0.0
328,963,0.7406324095965797,0.7245465961834374,feature_600,0.0
329,962,0.7406066187040626,0.7203375025413911,feature_598,0.0
330,961,0.7375755546310295,0.7151380567610823,feature_1245,0.0
331,960,0.737576400234063,0.7151380406175591,feature_596,0.0
332,959,0.74106070753297,0.7258534591834038,feature_1244,0.0
333,958,0.7410488690905032,0.7258456136467539,feature_595,0.0
334,957,0.7359012606250022,0.7215013977957112,feature_1243,0.0
335,956,0.7359037974341023,0.7214999927226472,feature_594,0.0
336,955,0.7384697798387942,0.7214776681101263,feature_1242,0.0
337,954,0.7384663974266608,0.7214831692112171,feature_593,0.0
338,953,0.7416251475577293,0.7276089463284002,feature_1241,0.0
339,952,0.7416175371304292,0.7275876569212076,feature_592,0.0
340,951,0.7410065889388358,0.7267126417568558,feature_1240,0.0
341,950,0.7410057433358025,0.726720519648164,feature_591,0.0
342,949,0.7427798184997649,0.7260324567762417,feature_1239,0.0
343,948,0.7427806641027982,0.7260288555971512,feature_590,0.0
344,947,0.7442173436564552,0.732845586937745,feature_1238,0.0
345,946,0.7442131156412886,0.7328413373799688,feature_589,0.0
346,945,0.7324017324714946,0.7164076063022722,feature_1237,0.0
347,944,0.7324017324714946,0.7164104026078185,feature_588,0.0
348,943,0.7440114393178351,0.722023448156961,feature_571,0.0
349,942,0.7426398711977459,0.7255847147352578,feature_1236,0.0
350,941,0.7426364887856125,0.7255988093565695,feature_1235,0.0
351,940,0.7426474816250461,0.7256248167159826,feature_587,0.0
352,939,0.7403787286865755,0.7202264007352778,feature_546,0.0
353,938,0.7385716750043125,0.7193486292118637,feature_1234,0.0
354,937,0.7385649101800458,0.7193448060327943,feature_1233,0.0
355,936,0.7385716750043125,0.7193486279641818,feature_586,0.0
356,935,0.7436744665090462,0.7224512531727847,feature_582,0.0
357,934,0.7428381651090659,0.7277331435846366,feature_560,0.0
358,933,0.7385716750043126,0.7138903900504376,feature_747,0.0
359,932,0.7420293458076692,0.7213154879728899,feature_567,0.0
360,931,0.7365050211908121,0.713884404040103,feature_550,0.0
361,930,0.7389213318586016,0.714299085026765,feature_748,0.0
362,929,0.7414031767614757,0.7257167093845974,feature_1232,0.0
363,928,0.7414251624403427,0.7257344926602587,feature_1231,0.0
364,927,0.7414099415857425,0.7257213901408285,feature_1230,0.0
365,926,0.7414099415857425,0.7257164320230611,feature_585,0.0
366,925,0.7394185464422098,0.7264060268817158,feature_649,0.0
367,924,0.7430381502264525,0.7225462461746347,feature_584,0.0
368,923,0.7411951584152722,0.7257558657347614,feature_1229,0.0
369,922,0.7411985408274057,0.7257636440859363,feature_561,0.0
370,921,0.7396159947504964,0.7262769976818173,feature_562,0.0
371,920,0.7448545055420823,0.7238886343646722,feature_749,0.0
372,919,0.7437108274394802,0.7332376020640976,feature_751,0.0
373,918,0.7405220584007279,0.730878741398632,feature_558,0.0
374,917,0.7428808680622498,0.7240422626671331,feature_752,0.0
375,916,0.7442672342354226,0.7315319855158056,feature_549,0.0
376,915,0.73801019459017,0.7192414728339867,feature_753,0.0
377,914,0.7408543803928332,0.7177813661022691,feature_583,0.0
378,913,0.7426440992129126,0.7321061196387599,feature_754,0.0
379,912,0.7329839301599543,0.7149501424820782,feature_581,0.0
380,911,0.7519440413736653,0.7369341801513211,feature_755,0.0
381,910,0.7380300662614537,0.7211400192187721,feature_547,0.0
382,909,0.7381856572195896,0.7220460657994494,feature_756,0.0
383,908,0.748939190994666,0.7355098450789546,feature_580,0.0
384,907,0.7381150493663051,0.7256440283897256,feature_757,0.0
385,906,0.7373366717741091,0.7185174991073571,feature_579,0.0
386,905,0.7478399070513145,0.7300439527673775,feature_758,0.0
387,904,0.7302754636441433,0.7240007006766043,feature_577,0.0
388,903,0.7354547822233948,0.7179955166383196,feature_759,0.0
389,902,0.7456345743403452,0.7263575203912309,feature_576,0.0
390,901,0.7347689981633503,0.7124098238843167,feature_760,0.0
391,900,0.7366301704397474,0.7238041497787251,feature_575,0.0
392,899,0.7479604054835666,0.7310488226110697,feature_761,0.0
393,898,0.7380372538872372,0.720759075858732,feature_574,0.0
394,897,0.7383281413307086,0.7160492251080744,feature_762,0.0
395,896,0.7473904690390906,0.7285964144607573,feature_573,0.0
396,895,0.7347254496071328,0.7092330884282823,feature_763,0.0
397,894,0.7321831440873745,0.7170838545154783,feature_553,0.0
398,893,0.7492791234140714,0.7305191957419199,feature_764,0.0
399,892,0.7339724401059373,0.7168500863702701,feature_542,0.0
400,891,0.7378664420745009,0.7269921833418538,feature_534,0.0
401,890,0.7494342915706907,0.7332382146942648,feature_565,0.0
402,889,0.7348632829015683,0.7128447234221122,feature_543,0.0
403,888,0.7357389048425994,0.7241293181962559,feature_557,0.0
404,887,0.7513855205701394,0.7327775966515653,feature_767,0.0
405,886,0.7355131288326957,0.7198834767286743,feature_545,0.0
406,885,0.7403647762365253,0.7292754619341395,feature_768,0.0
407,884,0.7460172097129347,0.7271976942735299,feature_766,0.0
408,883,0.7373282157437756,0.7112262564243984,feature_769,0.0
409,882,0.7360403623239877,0.7257456798881419,feature_566,0.0
410,881,0.751106048767618,0.7346711721042011,feature_770,0.0
411,880,0.7338815377798523,0.7230696516585731,feature_765,0.0
412,879,0.7392726799189573,0.7327356865651817,feature_771,0.0
413,878,0.7470488454136184,0.732129833824593,feature_541,0.0
414,877,0.7381810064029062,0.7211062225134469,feature_772,0.0
415,876,0.7394819666697108,0.7279583531525512,feature_537,0.0
416,875,0.7445416324197439,0.7269489792968561,feature_773,0.0
417,874,0.7341263398580062,0.717587950985323,feature_529,0.0
418,873,0.7414733618132435,0.7291512486803309,feature_774,0.0
419,872,0.743575108152628,0.7240385670775474,feature_539,0.0
420,871,0.7361206946121557,0.7170668992638732,feature_775,0.0
421,870,0.7394494109529269,0.7232272683427309,feature_540,0.0
422,869,0.739306926841808,0.7255885423159862,feature_776,0.0
423,868,0.7365802798607799,0.7181821834083806,feature_527,0.0
424,867,0.7411774007515719,0.7231740748420794,feature_777,0.0
425,866,0.7408011074017324,0.7229213091971977,feature_535,0.0
426,865,0.7372711375390246,0.7226926877064168,feature_778,0.0
427,864,0.7467469651307133,0.7335884280594058,feature_1211,0.0
428,863,0.74025104262854,0.7204880766840859,feature_533,0.0
429,862,0.7433396077078408,0.726302872358061,feature_531,0.0
430,861,0.7363663422933431,0.7151014984708727,feature_779,0.0
431,860,0.7417845437295153,0.7290418725522518,feature_530,0.0
432,859,0.7427273911116974,0.7321241416117694,feature_780,0.0
433,858,0.7416949098079805,0.7267075078675238,feature_544,0.0
434,857,0.7443437613099405,0.7343292579383169,feature_781,0.0
435,856,0.7396988638477644,0.7188482150895568,feature_521,0.0
436,855,0.7415494660862447,0.7266594907208824,feature_782,0.0
437,854,0.7388617168447507,0.7164815465937209,feature_538,0.0
438,853,0.7427185122798472,0.72338918909402,feature_783,0.0
439,852,0.7358839257628185,0.7220478186257696,feature_532,0.0
440,851,0.7388223963037001,0.7188046217969566,feature_784,0.0
441,850,0.7369540364015194,0.7197142221713113,feature_520,0.0
442,849,0.7291296715339578,0.7074621165565903,feature_1228,0.0
443,848,0.7375142484111119,0.7206443904097037,feature_1201,0.0
444,847,0.7302407939197759,0.7092218661576785,feature_572,0.0
445,846,0.742006514525769,0.7244944701894664,feature_570,0.0
446,845,0.7397614384722321,0.721972408016494,feature_500,0.0
447,844,0.7377852641832998,0.720633050555815,feature_536,0.0
448,843,0.7431620310708379,0.7265129664163923,feature_786,0.0
449,842,0.7448308286571486,0.7246572288935497,feature_785,0.0
450,841,0.7407554448379318,0.7302840372164738,feature_787,0.0
451,840,0.7458117281758312,0.7292560508627882,feature_1202,0.0
452,839,0.7475781929124936,0.7303080088189293,feature_528,0.0
453,838,0.748737091869696,0.73697858343837,feature_1210,0.0
454,837,0.7463541825217235,0.7283135981472105,feature_494,0.0
455,836,0.7375036783731952,0.7196840008861155,feature_1227,0.0
456,835,0.7375028327701616,0.7196880554461051,feature_1226,0.0
457,834,0.7375011415640949,0.7196841132575589,feature_1225,0.0
458,833,0.7375036783731951,0.7196826411748143,feature_1224,0.0
459,832,0.7375028327701618,0.7196817959361669,feature_559,0.0
460,831,0.739147530670022,0.7282101590607106,feature_1223,0.0
461,830,0.7357410188501828,0.727388348949555,feature_556,0.0
462,829,0.7427307735238309,0.7191783569390422,feature_564,0.0
463,828,0.7391986896535395,0.7193120907847111,feature_555,0.0
464,827,0.7376224855993804,0.7259842021263921,feature_1222,0.0
465,826,0.7376233312024139,0.725988278073832,feature_554,0.0
466,825,0.746419716756808,0.7251202044641945,feature_1221,0.0
467,824,0.7464154887416412,0.7251056420797316,feature_551,0.0
468,823,0.7378140146864335,0.7221904033675823,feature_1220,0.0
469,822,0.7378148602894667,0.7221992238858843,feature_548,0.0
470,821,0.7377083143072651,0.7231741791146057,feature_1219,0.0
471,820,0.7376930934526648,0.7231520524965289,feature_1218,0.0
472,819,0.737705777498165,0.7231675286680671,feature_1217,0.0
473,818,0.7376905566435649,0.723162647652482,feature_519,0.0
474,817,0.7440224321572686,0.7270680863300705,feature_508,0.0
475,816,0.7301279059148241,0.7121067927788551,feature_526,0.0
476,815,0.7448900208694829,0.7312071058697724,feature_510,0.0
477,814,0.7329729373205207,0.712460144249683,feature_512,0.0
478,813,0.7386672281470807,0.7179496662028968,feature_788,0.0
479,812,0.739692944626531,0.7246497699648304,feature_507,0.0
480,811,0.7459656279279006,0.732916250738913,feature_789,0.0
481,810,0.7381801607998728,0.723942637769892,feature_502,0.0
482,809,0.736508826404462,0.7240732402097974,feature_790,0.0
483,808,0.7449737355697843,0.7319097110661065,feature_513,0.0
484,807,0.7371485250991893,0.7210475159441085,feature_791,0.0
485,806,0.7374102392380103,0.7233248138567919,feature_505,0.0
486,805,0.73516558598599,0.7187600094450173,feature_792,0.0
487,804,0.7453276204392401,0.7281255879698014,feature_511,0.0
488,803,0.7426094294885454,0.7312173177566286,feature_793,0.0
489,802,0.7334748027208123,0.7190739807383975,feature_514,0.0
490,801,0.7389534647738688,0.7253341312063607,feature_794,0.0
491,800,0.7385873186604296,0.7265972091208607,feature_501,0.0
492,799,0.7422546990160562,0.7239851024473962,feature_795,0.0
493,798,0.7426377571901626,0.7306520537318612,feature_504,0.0
494,797,0.7374736594655111,0.7190078589056825,feature_796,0.0
495,796,0.7386524300939973,0.7176021843656701,feature_1216,0.0
496,795,0.7386439740636638,0.7176078892126472,feature_1215,0.0
497,794,0.7386507388879305,0.7176022633016357,feature_1214,0.0
498,793,0.7386507388879305,0.717606778119375,feature_1213,0.0
499,792,0.7386490476818639,0.7176004643472068,feature_1212,0.0
500,791,0.7386482020788305,0.7175917938690706,feature_1209,0.0
501,790,0.7386498932848972,0.7175726050789635,feature_522,0.0
502,789,0.7419600063589349,0.7232231729271463,feature_503,0.0
503,788,0.7451673786644207,0.7304245223497867,feature_516,0.0
504,787,0.7282011994033424,0.7141934734059818,feature_1199,0.0
505,786,0.7285952504168824,0.7131874149444124,feature_496,0.0
506,785,0.7435725713435279,0.7301839732824922,feature_1200,0.0
507,784,0.7418348571099995,0.7248771738488731,feature_491,0.0
508,783,0.7376195259887637,0.7202627918216954,feature_1197,0.0
509,782,0.7385095231813614,0.7266473640272484,feature_498,0.0
510,781,0.736221321373124,0.7173510096039812,feature_1196,0.0
511,780,0.7379687600415361,0.7234256020419204,feature_497,0.0
512,779,0.7410201185873694,0.7246047523812964,feature_1198,0.0
513,778,0.7337500465081668,0.7163551165951716,feature_487,0.0
514,777,0.73861649196508,0.7236579400632108,feature_518,0.0
515,776,0.7382029920817732,0.7178037655739751,feature_517,0.0
516,775,0.7405782910024457,0.7233791865004741,feature_486,0.0
517,774,0.7448452039087154,0.7301509091751691,feature_499,0.0
518,773,0.7365616765940463,0.7177798390903517,feature_797,0.0
519,772,0.7376410888661139,0.7183952103049321,feature_490,0.0
520,771,0.7329120539021199,0.7187366889352407,feature_798,0.0
521,770,0.7401165917462379,0.7230462902372373,feature_1194,0.0
522,769,0.7373053844618751,0.7186241074096729,feature_484,0.0
523,768,0.7443002127537233,0.7241026887682482,feature_492,0.0
524,767,0.7448468951147822,0.7312802021767133,feature_799,0.0
525,766,0.7353465450351263,0.7182313558116519,feature_493,0.0
526,765,0.7421790175445717,0.726312391039874,feature_489,0.0
527,764,0.7420466806698529,0.7281773224810951,feature_800,0.0
528,763,0.7372656411193079,0.7192203438740236,feature_801,0.0
529,762,0.7429924876626517,0.7252517696899973,feature_1191,0.0
530,761,0.738883279722101,0.7245429609133601,feature_1195,0.0
531,760,0.7395694865836623,0.7217255773817106,feature_1203,0.0
532,759,0.7397496000297652,0.7181704328699481,feature_1205,0.0
533,758,0.7424293160424424,0.7276170485944978,feature_506,0.0
534,757,0.7461728006710706,0.7313365655382609,feature_488,0.0
535,756,0.7392866323690077,0.7275954182519333,feature_1192,0.0
536,755,0.7381805836013895,0.7255988575690251,feature_1193,0.0
537,754,0.7411676763166883,0.7256065032426563,feature_482,0.0
538,753,0.742396337524142,0.7276337590704742,feature_485,0.0
539,752,0.7452709650360058,0.731645761349444,feature_1184,0.0
540,751,0.7448849472512827,0.723787180516527,feature_483,0.0
541,750,0.7370567771700711,0.726192117736241,feature_1190,0.0
542,749,0.739041407489337,0.7293225480204062,feature_1183,0.0
543,748,0.7360323290951709,0.7185214824911954,feature_478,0.0
544,747,0.7433387621048074,0.7241025515549399,feature_1182,0.0
545,746,0.740078962411254,0.7244035857530986,feature_1188,0.0
546,745,0.7412636522609735,0.7210041660851747,feature_476,0.0
547,744,0.7385763258209959,0.7074335901773366,feature_524,0.0
548,743,0.7356636461726316,0.7157892364944156,feature_1187,0.0
549,742,0.7370381739033374,0.7239653434827953,feature_477,0.0
550,741,0.7410463322814032,0.7244315332032966,feature_1186,0.0
551,740,0.7414522217374098,0.720251869738469,feature_1181,0.0
552,739,0.744857465152699,0.7243207404417661,feature_473,0.0
553,738,0.7385763258209959,0.7074335901773366,feature_509,0.0
554,737,0.7461207960845196,0.7241754965452166,feature_479,0.0
555,736,0.7471114200380861,0.722582140863649,feature_1180,0.0
556,735,0.750038897739534,0.7299880648679862,feature_475,0.0
557,734,0.7507141117616618,0.7311752015096511,feature_1185,0.0
558,733,0.74878106322743,0.7313057117129211,feature_474,0.0
559,732,0.7488360274245975,0.7320051274797096,feature_453,0.0
560,731,0.7451661102598707,0.7286903246310603,feature_1177,0.0
561,730,0.7471896383186706,0.7223386658104598,feature_1178,0.0
562,729,0.7441348973607038,0.7194619056739241,feature_472,0.0
563,728,0.7520577749816505,0.7341186055925548,feature_1176,0.0
564,727,0.748452123647458,0.7370400673337045,feature_459,0.0
565,726,0.7441247501243036,0.7216342232922772,feature_1179,0.0
566,725,0.7518569442612305,0.7324225160099105,feature_1175,0.0
567,724,0.7474530436635582,0.7301217162577491,feature_481,0.0
568,723,0.7466877729183791,0.7207396561669952,feature_470,0.0
569,722,0.7496554167639111,0.7369418665507202,feature_471,0.0
570,721,0.742614080305229,0.7205326297810373,feature_466,0.0
571,720,0.7496321626804939,0.7310438308048917,feature_467,0.0
572,719,0.7477079929781124,0.7326156672278747,feature_802,0.0
573,718,0.7494190707160905,0.730658076693522,feature_1172,0.0
574,717,0.7481764570585867,0.7300123735844071,feature_464,0.0
575,716,0.745277307058756,0.7206993746578324,feature_1171,0.0
576,715,0.7489252385446157,0.7292968008201987,feature_460,0.0
577,714,0.7455233775414599,0.7304278133670367,feature_461,0.0
578,713,0.7468793020054321,0.7287727372328051,feature_803,0.0
579,712,0.7470619522606351,0.7252005481926771,feature_1163,0.0
580,711,0.7464150659401246,0.7267735893233584,feature_463,0.0
581,710,0.7499289693451987,0.7350434597296518,feature_468,0.0
582,709,0.7470594154515351,0.72635245858774,feature_804,0.0
583,708,0.7463977310779409,0.7299954666255488,feature_1166,0.0
584,707,0.7473321224297895,0.7301981342866766,feature_1168,0.0
585,706,0.7487637283652464,0.7352317783980433,feature_1173,0.0
586,705,0.7462100072045378,0.7299143676420811,feature_1170,0.0
587,704,0.7465169611056428,0.7320395044312751,feature_480,0.0
588,703,0.7478301826164311,0.7316766849295114,feature_458,0.0
589,702,0.7454485416730089,0.7278175120518525,feature_1174,0.0
590,701,0.748128257685686,0.7281459440006763,feature_462,0.0
591,700,0.7465030086555926,0.727201563397929,feature_457,0.0
592,699,0.746520766319293,0.7235451299973152,feature_454,0.0
593,698,0.7435975166330117,0.7201145627546655,feature_452,0.0
594,697,0.7437970789488816,0.7213170853536028,feature_805,0.0
595,696,0.7512633309318206,0.7349196093308907,feature_451,0.0
596,695,0.7441577286426042,0.7269944475107155,feature_806,0.0
597,694,0.7452751930511725,0.7201173504695118,feature_445,0.0
598,693,0.747012907284701,0.7218242922640117,feature_807,0.0
599,692,0.7443657469888075,0.7215975420367446,feature_1158,0.0
600,691,0.7467955873051308,0.7280739746315149,feature_449,0.0
601,690,0.7457626831998972,0.7238976707146098,feature_450,0.0
602,689,0.7470129072847009,0.7213767283986473,feature_808,0.0
603,688,0.7431091808812537,0.7250633694394314,feature_446,0.0
604,687,0.7495230798891921,0.73021118743199,feature_809,0.0
605,686,0.7458379418698651,0.7212064457017564,feature_455,0.0
606,685,0.7458463979001986,0.7309169533800383,feature_810,0.0
607,684,0.7458819132275991,0.7272662091265691,feature_436,0.0
608,683,0.749111271211952,0.7363479397314725,feature_811,0.0
609,682,0.7467638771913803,0.7294506467448223,feature_569,0.0
610,681,0.7483248603909393,0.729930504457214,feature_1157,0.0
611,680,0.7498181953478303,0.7300149179766103,feature_456,0.0
612,679,0.7447669856281309,0.7275939151419769,feature_812,0.0
613,678,0.750568668039926,0.7299822089773496,feature_465,0.0
614,677,0.7457495763528803,0.729886314799985,feature_813,0.0
615,676,0.7449640111349007,0.726698677526552,feature_1130,0.0
616,675,0.7503365500072722,0.7335102783409417,feature_443,0.0
617,674,0.7482770838195552,0.7298984285659158,feature_420,0.0
618,673,0.7514091974550732,0.7356026920538371,feature_814,0.0
619,672,0.7401681735312721,0.7200706697752474,feature_444,0.0
620,671,0.7465482484178767,0.7287186072797532,feature_815,0.0
621,670,0.7498004376841301,0.7326373771883099,feature_442,0.0
622,669,0.7456671300571289,0.7258594410294815,feature_439,0.0
623,668,0.7480601866415015,0.7303234239516061,feature_817,0.0
624,667,0.7497560435248793,0.7334196731990974,feature_1154,0.0
625,666,0.7512789745879376,0.7340943497651674,feature_1164,0.0
626,665,0.7477117981917625,0.7310891233492163,feature_438,0.0
627,664,0.7441615338562543,0.7284606120191409,feature_1161,0.0
628,663,0.746852242708365,0.7305080364350909,feature_1167,0.0
629,662,0.7461850619150542,0.7281454987466499,feature_433,0.0
630,661,0.7456633248434789,0.7278671070462849,feature_1159,0.0
631,660,0.7512569889090706,0.7328199850351833,feature_1150,0.0
632,659,0.743730699110764,0.7215906348993486,feature_429,0.0
633,658,0.749764076753696,0.7331155205960848,feature_423,0.0
634,657,0.7467144094139294,0.7227711496956066,feature_1156,0.0
635,656,0.7480868231370519,0.7322647298065568,feature_448,0.0
636,655,0.7475232287153262,0.7356502219527339,feature_1160,0.0
637,654,0.7506346250765272,0.7360069318558037,feature_432,0.0
638,653,0.747300412316039,0.7275822524131226,feature_435,0.0
639,652,0.7447572611932474,0.7259124016932825,feature_1153,0.0
640,651,0.7475959505761938,0.7224881825348803,feature_434,0.0
641,650,0.7442148068473552,0.7247352129776509,feature_1152,0.0
642,649,0.7472433341112881,0.730293920361894,feature_1151,0.0
643,648,0.7468585847311151,0.7317738282677491,feature_1139,0.0
644,647,0.7454705273518757,0.7342572220268997,feature_440,0.0
645,646,0.7500913251276016,0.726763654647463,feature_424,0.0
646,645,0.7475485968063265,0.7322085673137864,feature_430,0.0
647,644,0.7433806194549581,0.730126957087867,feature_409,0.0
648,643,0.7518091676898464,0.7364382741795557,feature_426,0.0
649,642,0.7444363548420921,0.7287388418694447,feature_417,0.0
650,641,0.7443780082327911,0.722220403452096,feature_819,0.0
651,640,0.7506392758932104,0.7226311431926518,feature_422,0.0
652,639,0.7443670153933576,0.7212414759246629,feature_820,0.0
653,638,0.7449120065483499,0.7276685136277501,feature_427,0.0
654,637,0.7501264176534854,0.7352260962094166,feature_416,0.0
655,636,0.7446807341187294,0.7218745187542597,feature_419,0.0
656,635,0.7476103258277608,0.7238238907096961,feature_822,0.0
657,634,0.7512493784817704,0.7296595267427021,feature_418,0.0
658,633,0.7489983832070002,0.729354999513903,feature_823,0.0
659,632,0.7467507703443634,0.7299750871716577,feature_425,0.0
660,631,0.748654222772428,0.7312090519711808,feature_414,0.0
661,630,0.7434322012399922,0.7211765373556717,feature_824,0.0
662,629,0.7455157671141598,0.7182121442079071,feature_1142,0.0
663,628,0.7448752228163993,0.7240461466135425,feature_421,0.0
664,627,0.7498156585387303,0.7318687290668792,feature_825,0.0
665,626,0.7499150168951486,0.7325951362976786,feature_428,0.0
666,625,0.7476661356279618,0.7314759531335031,feature_826,0.0
667,624,0.7461728006710706,0.7312049477132648,feature_410,0.0
668,623,0.7469380714162498,0.7271998984439156,feature_827,0.0
669,622,0.747414568725541,0.72918198288991,feature_1148,0.0
670,621,0.7477494275267464,0.7333108878415413,feature_1145,0.0
671,620,0.7467829032596305,0.7309071401558678,feature_411,0.0
672,619,0.7455855293644109,0.7290894599910679,feature_1147,0.0
673,618,0.7468048889384976,0.7248140029393061,feature_406,0.0
674,617,0.7476593708036949,0.7312928350309786,feature_413,0.0
675,616,0.7486351967041777,0.732513645412074,feature_1206,0.0
676,615,0.7497103809610784,0.7307458820138604,feature_408,0.0
677,614,0.7465093506783428,0.7286462105506966,feature_1143,0.0
678,613,0.7471329829154364,0.7260310001141539,feature_1141,0.0
679,612,0.7466002530044277,0.7225509771892723,feature_404,0.0
680,611,0.7456760088889791,0.7305738611792574,feature_1140,0.0
681,610,0.7488804215838484,0.7335638203672927,feature_415,0.0
682,609,0.7477794464344303,0.7268526078790302,feature_821,0.0
683,608,0.7459284213944332,0.7265020432599338,feature_407,0.0
684,607,0.7468120765642812,0.7288414837265448,feature_828,0.0
685,606,0.7471659614337369,0.7320629751076101,feature_405,0.0
686,605,0.7479248901561659,0.7313706035230239,feature_829,0.0
687,604,0.7441057240560534,0.7189416139218785,feature_1138,0.0
688,603,0.746377013803624,0.7312969032584533,feature_401,0.0
689,602,0.7462801922563056,0.7278502867525833,feature_402,0.0
690,601,0.7521178127970181,0.7349894088586632,feature_830,0.0
691,600,0.7480014172306839,0.7305616290969854,feature_398,0.0
692,599,0.7550262644302157,0.7418781573347989,feature_831,0.0
693,598,0.7490808295027517,0.7312477173305881,feature_818,0.0
694,597,0.7458404786789652,0.7206505946027563,feature_832,0.0
695,596,0.7495374551407591,0.7266255791051478,feature_1149,0.0
696,595,0.749330282397589,0.73552173750764,feature_400,0.0
697,594,0.7515787408632593,0.7354583959740341,feature_1144,0.0
698,593,0.748252561331588,0.7286635799295134,feature_1137,0.0
699,592,0.7516315910528434,0.7378338036728536,feature_397,0.0
700,591,0.7481777254631368,0.7327675751959645,feature_399,0.0
701,590,0.7453940002773578,0.7286667448194315,feature_1136,0.0
702,589,0.7515931161148262,0.7353797608898014,feature_1155,0.0
703,588,0.749067299854218,0.7301070937167774,feature_393,0.0
704,587,0.750787679225563,0.7369117524251237,feature_1134,0.0
705,586,0.7478331422270478,0.727131198571873,feature_395,0.0
706,585,0.7448050377646316,0.7297268401629218,feature_1132,0.0
707,584,0.749107465998302,0.7240614494676759,feature_1123,0.0
708,583,0.7453732830030407,0.727820496354583,feature_394,0.0
709,582,0.7490093760464338,0.7323006448409008,feature_392,0.0
710,581,0.7489586398644329,0.7274321934534429,feature_1133,0.0
711,580,0.7473147875676059,0.7281035747784771,feature_391,0.0
712,579,0.7504756517062579,0.7368984562252857,feature_396,0.0
713,578,0.7470868975501188,0.7318207553034299,feature_1131,0.0
714,577,0.7437822808957981,0.7261322619573343,feature_1129,0.0
715,576,0.7500317101137504,0.7397912671550346,feature_1119,0.0
716,575,0.7478411754558647,0.7318836667560561,feature_1120,0.0
717,574,0.7469329977980497,0.7310739283142687,feature_1121,0.0
718,573,0.7491514373560361,0.7328448153055673,feature_386,0.0
719,572,0.7476961545356455,0.7299931127345045,feature_388,0.0
720,571,0.7441116432772867,0.7315995253073498,feature_385,0.0
721,570,0.7503192151450886,0.7287720544423372,feature_1117,0.0
722,569,0.7473811674057237,0.733823062129536,feature_1116,0.0
723,568,0.7463372704610567,0.7333173799548351,feature_1126,0.0
724,567,0.748905366873332,0.7284632971313403,feature_1125,0.0
725,566,0.7480957019689021,0.7325801717302037,feature_390,0.0
726,565,0.7463694033763237,0.7238241550984741,feature_383,0.0
727,564,0.7438287890626322,0.7206787746929081,feature_1110,0.0
728,563,0.7444033763237916,0.7201977753103221,feature_403,0.0
729,562,0.7449492130818172,0.7310220226870463,feature_389,0.0
730,561,0.7488698515459316,0.7303043369707479,feature_380,0.0
731,560,0.7441983175882048,0.7276691881474604,feature_379,0.0
732,559,0.7485607836372431,0.7293312986692442,feature_384,0.0
733,558,0.7439492874948841,0.7228933420503405,feature_387,0.0
734,557,0.7484259099534243,0.7326874304780162,feature_833,0.0
735,556,0.7459292669974666,0.7320590507543117,feature_382,0.0
736,555,0.7446380311655454,0.7200903555324958,feature_834,0.0
737,554,0.7424563753395096,0.7250736351310026,feature_381,0.0
738,553,0.7470378525741848,0.7267638636849674,feature_835,0.0
739,552,0.7447695224372309,0.7228280696479253,feature_378,0.0
740,551,0.745611320256928,0.7195231659365566,feature_836,0.0
741,550,0.7460235517356848,0.7345479566521412,feature_376,0.0
742,549,0.743433892446059,0.7184281431920237,feature_837,0.0
743,548,0.7432892943273566,0.7199607822791178,feature_375,0.0
744,547,0.7459537894854336,0.722437414255674,feature_1107,0.0
745,546,0.7535257418475412,0.7383114537827531,feature_377,0.0
746,545,0.7502684789630878,0.7364924928752747,feature_373,0.0
747,544,0.7486149022313773,0.730496716699488,feature_1114,0.0
748,543,0.7477536555419131,0.7235273745286269,feature_838,0.0
749,542,0.7465123102889596,0.7259128677098168,feature_374,0.0
750,541,0.745569885708294,0.7208125532696115,feature_1108,0.0
751,540,0.7461448957709701,0.7303222019678656,feature_372,0.0
752,539,0.745569885708294,0.7205236998916579,feature_368,0.0
753,538,0.7507716127679294,0.7297793982942381,feature_839,0.0
754,537,0.7434617973461595,0.7243049166793428,feature_840,0.0
755,536,0.7465651604785437,0.7289600868844754,feature_1128,0.0
756,535,0.7468234922052313,0.722943628203624,feature_369,0.0
757,534,0.7501424841111191,0.7328907669092364,feature_1115,0.0
758,533,0.7458582363426655,0.7209091703781697,feature_361,0.0
759,532,0.7462793466532723,0.7281862294465555,feature_1118,0.0
760,531,0.7502515669024207,0.7362966341664592,feature_366,0.0
761,530,0.7470623750621518,0.7270114589813796,feature_359,0.0
762,529,0.7499763231150662,0.7321067155255577,feature_841,0.0
763,528,0.7498025516917135,0.7300784416413901,feature_1127,0.0
764,527,0.7471262180911695,0.7236577971094109,feature_365,0.0
765,526,0.7468086941521477,0.7265073009349401,feature_340,0.0
766,525,0.7520201456466664,0.7320190517379738,feature_842,0.0
767,524,0.7464345148098914,0.7308996152076003,feature_367,0.0
768,523,0.749674865633678,0.7348598645719886,feature_844,0.0
769,522,0.7531815814129689,0.7340658573827064,feature_363,0.0
770,521,0.7490744874800015,0.7292206152850581,feature_845,0.0
771,520,0.7462489049440718,0.722372778392117,feature_1112,0.0
772,519,0.7504650816683411,0.7315529714030089,feature_358,0.0
773,518,0.745792702107581,0.730121051417979,feature_1109,0.0
774,517,0.7489121316975988,0.7331751113904761,feature_362,0.0
775,516,0.7488554762943644,0.7322712315726299,feature_1111,0.0
776,515,0.7504769201108079,0.7356998526611465,feature_1106,0.0
777,514,0.7476099030262442,0.729184701161203,feature_353,0.0
778,513,0.7506549195493274,0.7312816513341915,feature_1105,0.0
779,512,0.7469583658890502,0.7267417425265368,feature_354,0.0
780,511,0.747623009873261,0.728138510001809,feature_1104,0.0
781,510,0.7508172753317299,0.7347043680129881,feature_356,0.0
782,509,0.7469532922708501,0.7334403627144485,feature_1101,0.0
783,508,0.7472340324779212,0.7319523599647311,feature_351,0.0
784,507,0.7457948161151644,0.7262409434607855,feature_1102,0.0
785,506,0.7465761533179771,0.7260402875885664,feature_357,0.0
786,505,0.753310958677071,0.7412070134269995,feature_1100,0.0
787,504,0.7503648777088892,0.7397491192126152,feature_350,0.0
788,503,0.7456151254705781,0.7268750726405268,feature_355,0.0
789,502,0.749814812935697,0.7347064912749433,feature_1099,0.0
790,501,0.7456134342645114,0.7264142976685868,feature_360,0.0
791,500,0.7517415194471786,0.7372572443113945,feature_349,0.0
792,499,0.7488017805017471,0.725535340574379,feature_846,0.0
793,498,0.7469342662025998,0.731334266576697,feature_1103,0.0
794,497,0.7468437866780315,0.7285068522247646,feature_348,0.0
795,496,0.7466336543242448,0.726730779588308,feature_1098,0.0
796,495,0.7474686873196752,0.7268992144406218,feature_347,0.0
797,494,0.7478166529678976,0.7304246039034493,feature_1097,0.0
798,493,0.7485937621555436,0.7300709444063133,feature_346,0.0
799,492,0.74674104590948,0.7223358039218026,feature_1096,0.0
800,491,0.744028351378502,0.7251528970157484,feature_1095,0.0
801,490,0.7494203391206404,0.7333954820854409,feature_343,0.0
802,489,0.7453589077514738,0.7210565027748805,feature_1094,0.0
803,488,0.7461804110983706,0.7271334389695074,feature_338,0.0
804,487,0.7490157180691839,0.7310465387443177,feature_319,0.0
805,486,0.7457597235892804,0.7253573042758152,feature_1093,0.0
806,485,0.749767036364313,0.7295101095435876,feature_331,0.0
807,484,0.7440173585390686,0.7247951337912522,feature_344,0.0
808,483,0.7482627085679883,0.7321610938692048,feature_847,0.0
809,482,0.7457740988408473,0.7178098170069844,feature_330,0.0
810,481,0.7500752586699679,0.7282895555538456,feature_1089,0.0
811,480,0.7512142859558866,0.7357476854053522,feature_336,0.0
812,479,0.7424293160424426,0.7269264838314693,feature_848,0.0
813,478,0.7460391953918017,0.7262395419104074,feature_1090,0.0
814,477,0.7457381607119302,0.7244913530053799,feature_1064,0.0
815,476,0.7460899315738025,0.7257838857619476,feature_1085,0.0
816,475,0.7464704529388088,0.7302010859716839,feature_337,0.0
817,474,0.7515470307495087,0.7339196845745076,feature_335,0.0
818,473,0.7506942400903781,0.7384380793472509,feature_1082,0.0
819,472,0.7473820130087571,0.7286582812001874,feature_342,0.0
820,471,0.7466780484834956,0.7278566784364824,feature_309,0.0
821,470,0.7502862366267881,0.7309319844038172,feature_329,0.0
822,469,0.7462911850957392,0.7228387445978927,feature_325,0.0
823,468,0.748905366873332,0.7319331632016086,feature_1088,0.0
824,467,0.7491861070804033,0.7321870299323858,feature_341,0.0
825,466,0.7518552530551639,0.739345492101804,feature_321,0.0
826,465,0.749479108531458,0.7294202897426139,feature_850,0.0
827,464,0.7485806553085267,0.728135417488881,feature_334,0.0
828,463,0.7473270488115895,0.7312564495767427,feature_1080,0.0
829,462,0.74715412299127,0.7286656529590505,feature_318,0.0
830,461,0.7501407929050523,0.7278083231304882,feature_1086,0.0
831,460,0.7461867531211208,0.7242006054364825,feature_316,0.0
832,459,0.7515926933133095,0.7286079467658472,feature_313,0.0
833,458,0.7483747509699068,0.73080364611784,feature_345,0.0
834,457,0.7484796057460418,0.7256978622021862,feature_852,0.0
835,456,0.7493391612294391,0.7277402398715633,feature_1135,0.0
836,455,0.751604954557293,0.7330605338239977,feature_328,0.0
837,454,0.7496237066501604,0.7306342016638918,feature_299,0.0
838,453,0.7472374148900547,0.730429217917904,feature_853,0.0
839,452,0.7461114944511529,0.7248067730929652,feature_327,0.0
840,451,0.7505640172232425,0.7292134349315877,feature_854,0.0
841,450,0.7483671405426066,0.7254688367039144,feature_1081,0.0
842,449,0.7502477616887708,0.729809329387238,feature_326,0.0
843,448,0.7529295917090313,0.7334131842035724,feature_314,0.0
844,447,0.746626889499978,0.7295154585217464,feature_855,0.0
845,446,0.7480039540397839,0.7273991774099123,feature_339,0.0
846,445,0.7507069241358781,0.7258580831127912,feature_856,0.0
847,444,0.7515178574448582,0.7356940075646947,feature_1091,0.0
848,443,0.7502414196660208,0.7308905985238151,feature_312,0.0
849,442,0.7484533920520078,0.7269898499317837,feature_1087,0.0
850,441,0.7469101665161494,0.728091530556787,feature_1079,0.0
851,440,0.746160539427087,0.7243513540319766,feature_310,0.0
852,439,0.7497560435248793,0.7361203729153803,feature_322,0.0
853,438,0.7483388128409894,0.7270924189470183,feature_1083,0.0
854,437,0.7485675484615097,0.7326595843407452,feature_317,0.0
855,436,0.7476703636431284,0.7246487128441823,feature_1078,0.0
856,435,0.7491666582106362,0.7277854026095545,feature_298,0.0
857,434,0.7472636285840885,0.7284635182957144,feature_332,0.0
858,433,0.7465977161953276,0.7182560691023931,feature_857,0.0
859,432,0.7449530182954671,0.7201658855656569,feature_295,0.0
860,431,0.7505428771474087,0.7347202137649692,feature_858,0.0
861,430,0.7467812120535637,0.7250903569768563,feature_1074,0.0
862,429,0.7474961694182589,0.7250970868845829,feature_324,0.0
863,428,0.7474238703589078,0.7264957832497292,feature_323,0.0
864,427,0.746584186546794,0.7295658265283135,feature_859,0.0
865,426,0.7474192195422243,0.722802955690403,feature_315,0.0
866,425,0.7487742984031631,0.7332213551181919,feature_860,0.0
867,424,0.7469744323466837,0.7319681900080153,feature_320,0.0
868,423,0.7448452039087154,0.7219592405112477,feature_861,0.0
869,422,0.7455111162974764,0.728205136056628,feature_308,0.0
870,421,0.750792752843763,0.7350886647243338,feature_862,0.0
871,420,0.7450747851322692,0.7251582433800263,feature_1073,0.0
872,419,0.7479502582471664,0.7256249721548145,feature_1076,0.0
873,418,0.7510244480749001,0.7352795662745456,feature_304,0.0
874,417,0.746016786911418,0.7254322752065672,feature_307,0.0
875,416,0.7461309433209199,0.7312743360645784,feature_289,0.0
876,415,0.7443416473023572,0.7258695325636897,feature_863,0.0
877,414,0.7452388321207386,0.7271820607066662,feature_1077,0.0
878,413,0.7472644741871218,0.7183347205760278,feature_1071,0.0
879,412,0.74573435549828,0.7210915744063982,feature_306,0.0
880,411,0.74736002732989,0.728461905582205,feature_1070,0.0
881,410,0.7474344403968246,0.7305452961188503,feature_311,0.0
882,409,0.7437590268123809,0.7235795062957094,feature_302,0.0
883,408,0.7476297746975278,0.7258036741775851,feature_1072,0.0
884,407,0.74349223905536,0.7248915994678755,feature_285,0.0
885,406,0.7496960057095117,0.7302333859986632,feature_305,0.0
886,405,0.7481688466312866,0.7344967856762226,feature_300,0.0
887,404,0.7466746660713621,0.7267676719070959,feature_288,0.0
888,403,0.7461622306331538,0.7257104293209398,feature_865,0.0
889,402,0.7481680010282532,0.733182372451043,feature_303,0.0
890,401,0.74776295717528,0.7243614739441253,feature_866,0.0
891,400,0.7481827990813369,0.7335219155669768,feature_301,0.0
892,399,0.7458671151745155,0.7306970458287316,feature_867,0.0
893,398,0.7498524422706809,0.7328225674278812,feature_283,0.0
894,397,0.7484089978927573,0.7306643078411489,feature_868,0.0
895,396,0.7471562369988534,0.726485705188008,feature_1066,0.0
896,395,0.7471976715474873,0.7237779731920673,feature_297,0.0
897,394,0.7449462534712005,0.7211647146089103,feature_1068,0.0
898,393,0.7447606436053807,0.7212516709869987,feature_296,0.0
899,392,0.7459203881656165,0.72540713684378,feature_1067,0.0
900,391,0.7433620161882246,0.7240295695788892,feature_1084,0.0
901,390,0.7465385239829933,0.7258798870383898,feature_291,0.0
902,389,0.7492689761776714,0.7271555372921172,feature_1060,0.0
903,388,0.7487514671212627,0.7309551715878645,feature_1061,0.0
904,387,0.7457876284893808,0.7184699288662971,feature_292,0.0
905,386,0.7476881213068287,0.7304582370402357,feature_290,0.0
906,385,0.7491167676316688,0.7304537056664927,feature_1059,0.0
907,384,0.7490520789996178,0.7255555824027848,feature_1054,0.0
908,383,0.744999949263818,0.7198046952277586,feature_286,0.0
909,382,0.7460189009190014,0.7273397864407406,feature_293,0.0
910,381,0.7446633992565459,0.7241458325761322,feature_294,0.0
911,380,0.7468497058992651,0.7271613142957944,feature_287,0.0
912,379,0.7458413242819983,0.7196554016116872,feature_282,0.0
913,378,0.7437907369261314,0.7270973372578156,feature_869,0.0
914,377,0.7486576051845613,0.7364718818674328,feature_870,0.0
915,376,0.7477671851904467,0.7285219882124672,feature_284,0.0
916,375,0.7474187967407077,0.7235612800385649,feature_871,0.0
917,374,0.7472285360582045,0.7261813466999554,feature_1057,0.0
918,373,0.74532254682104,0.725113397493022,feature_279,0.0
919,372,0.7449724671652342,0.7229550788821311,feature_281,0.0
920,371,0.7434089471565751,0.7217161240890129,feature_872,0.0
921,370,0.7444317040254087,0.7299736854514483,feature_277,0.0
922,369,0.7435379016191607,0.7176612625302721,feature_276,0.0
923,368,0.7499145940936318,0.730426363109407,feature_1063,0.0
924,367,0.7468319482355649,0.7289268862654151,feature_1055,0.0
925,366,0.7479806999563668,0.7277133762330752,feature_273,0.0
926,365,0.7482589033543381,0.7301270640558541,feature_873,0.0
927,364,0.7454608029169922,0.7194336113477133,feature_272,0.0
928,363,0.7496609131836278,0.731722874162706,feature_874,0.0
929,362,0.7470577242454685,0.7326877386025495,feature_1075,0.0
930,361,0.7481371365175361,0.7329232960178269,feature_270,0.0
931,360,0.7472670109962217,0.7314293916712826,feature_1053,0.0
932,359,0.7477003825508123,0.7340410789921838,feature_864,0.0
933,358,0.7468298342279814,0.7243199814994765,feature_257,0.0
934,357,0.7454362804290251,0.7290299905306198,feature_875,0.0
935,356,0.7449669707455175,0.724991927707876,feature_271,0.0
936,355,0.7516628783650772,0.7384309047167361,feature_876,0.0
937,354,0.7477756412207801,0.7332613636259955,feature_280,0.0
938,353,0.7466877729183791,0.7309840841094948,feature_877,0.0
939,352,0.7460603354676354,0.7282253282026551,feature_1092,0.0
940,351,0.748917205315799,0.7321247166094292,feature_1046,0.0
941,350,0.7511863810557862,0.742149411607957,feature_275,0.0
942,349,0.7470902799622523,0.7342077689346835,feature_264,0.0
943,348,0.7493053371081052,0.728813366500623,feature_267,0.0
944,347,0.7517508210805454,0.7330100351717322,feature_878,0.0
945,346,0.7441310921470538,0.729144120073709,feature_1208,0.0
946,345,0.7483472688713229,0.7411132610482465,feature_1207,0.0
947,344,0.7483489600773895,0.7411149465626318,feature_251,0.0
948,343,0.7452257252737217,0.7287452910916743,feature_256,0.0
949,342,0.7497310982353955,0.7360817415424368,feature_248,0.0
950,341,0.7477418170994463,0.7357875882021386,feature_879,0.0
951,340,0.7513838293640727,0.7359297669894507,feature_255,0.0
952,339,0.7442287592974054,0.7273341376685318,feature_880,0.0
953,338,0.7454274015971751,0.7309045194206155,feature_254,0.0
954,337,0.7535409627021414,0.7349554969393872,feature_253,0.0
955,336,0.7534644356276236,0.7377292797202961,feature_236,0.0
956,335,0.7470725222985519,0.7339145667399105,feature_882,0.0
957,334,0.7479675931093499,0.7351560385260767,feature_261,0.0
958,333,0.7479954980094505,0.7302987806871754,feature_883,0.0
959,332,0.7510088044187833,0.7357746249269802,feature_1045,0.0
960,331,0.7502997662753216,0.7354573221417553,feature_1030,0.0
961,330,0.7489104404915321,0.7270255737065145,feature_245,0.0
962,329,0.7494807997375249,0.7331981911931893,feature_1189,0.0
963,328,0.7494824909435915,0.7332006886384069,feature_262,0.0
964,327,0.7513127987092716,0.7373297565414849,feature_266,0.0
965,326,0.7481041579992355,0.7278297375665097,feature_246,0.0
966,325,0.7480420061762846,0.7319352757328408,feature_884,0.0
967,324,0.7491066203952687,0.7305546045360436,feature_265,0.0
968,323,0.7459153145474163,0.7302924718666808,feature_885,0.0
969,322,0.7455229547399432,0.7275387207316804,feature_260,0.0
970,321,0.7457436571316469,0.7313709197934329,feature_886,0.0
971,320,0.7468399814643816,0.7259052010784539,feature_252,0.0
972,319,0.74755705283666,0.7314325215975771,feature_887,0.0
973,318,0.7447559927886973,0.7269134707954539,feature_268,0.0
974,317,0.7480470797944846,0.7305161677605205,feature_888,0.0
975,316,0.7463524913156568,0.7315083046099139,feature_247,0.0
976,315,0.7474521980605249,0.7267409544194,feature_232,0.0
977,314,0.7458108825727979,0.7296070449701748,feature_1037,0.0
978,313,0.746909320913116,0.7313060683094155,feature_269,0.0
979,312,0.7457888968939309,0.7244023532877695,feature_1113,0.0
980,311,0.7457812864666309,0.7243722000581342,feature_235,0.0
981,310,0.7473338136358563,0.7320946365054086,feature_889,0.0
982,309,0.7475058938531424,0.7273757124622683,feature_890,0.0
983,308,0.7462256508606548,0.7257721023261433,feature_239,0.0
984,307,0.749036435343501,0.7393898289051457,feature_891,0.0
985,306,0.7476589480021782,0.7340457581009223,feature_1069,0.0
986,305,0.747665712826445,0.7340515887878489,feature_1065,0.0
987,304,0.7476623304143116,0.7340449680600487,feature_1058,0.0
988,303,0.7476597936052116,0.7340419427421129,feature_1056,0.0
989,302,0.7476614848112781,0.7340438158372753,feature_1052,0.0
990,301,0.747660639208245,0.7340283200702129,feature_243,0.0
991,300,0.7472289588597212,0.7275609443372909,feature_238,0.0
992,299,0.7452866086921226,0.7349821574839945,feature_233,0.0
993,298,0.7468606987386985,0.7359629841150834,feature_237,0.0
994,297,0.751036286517367,0.7318586101496387,feature_881,0.0
995,296,0.744288797112773,0.7307379833365792,feature_227,0.0
996,295,0.743437697659709,0.7246213328516096,feature_230,0.0
997,294,0.7479798543533336,0.731841579752286,feature_892,0.0
998,293,0.7480272081232009,0.7348373055212898,feature_893,0.0
999,292,0.7439327982357339,0.7198792443039271,feature_1051,0.0
1000,291,0.7451952835645212,0.7285963195979783,feature_1050,0.0
1001,290,0.7451834451220543,0.7285710624161981,feature_1004,0.0
1002,289,0.7445031574817265,0.7240682773169157,feature_849,0.0
1003,288,0.7481105000219855,0.733056524869789,feature_1049,0.0
1004,287,0.7481121912280523,0.7330605571393978,feature_1048,0.0
1005,286,0.748108808815919,0.7330556986636887,feature_250,0.0
1006,285,0.7454413540472251,0.7275515059570246,feature_1041,0.0
1007,284,0.748865200729248,0.7320540192284125,feature_244,0.0
1008,283,0.74857769569791,0.732443065778092,feature_259,0.0
1009,282,0.7445073854968933,0.7317205687694338,feature_1039,0.0
1010,281,0.7471367881290865,0.731942242010307,feature_1038,0.0
1011,280,0.7484280239610076,0.732663062360615,feature_240,0.0
1012,279,0.7445500884500773,0.7276342525472882,feature_1029,0.0
1013,278,0.7497974780735134,0.7339731751360181,feature_234,0.0
1014,277,0.7447902397115479,0.7278987242638203,feature_225,0.0
1015,276,0.7421033360730872,0.7311121655580306,feature_1035,0.0
1016,275,0.7440803559650528,0.7241583142610137,feature_1040,0.0
1017,274,0.7481963287298704,0.7335452781182836,feature_231,0.0
1018,273,0.7449217309832334,0.7235588013328977,feature_1033,0.0
1019,272,0.7452633546087055,0.7292139417107046,feature_242,0.0
1020,271,0.7469008648827824,0.7265154620532992,feature_1034,0.0
1021,270,0.7435869465950948,0.7312772246682346,feature_1016,0.0
1022,269,0.7454692589473257,0.7346133204666119,feature_1026,0.0
1023,268,0.7469152401343495,0.7249931756486734,feature_1028,0.0
1024,267,0.7448016553524981,0.7331072844390936,feature_224,0.0
1025,266,0.7461985915635877,0.7307591991565655,feature_202,0.0
1026,265,0.7477109525887291,0.7298758163743001,feature_1024,0.0
1027,264,0.742524446383694,0.7225727857696154,feature_226,0.0
1028,263,0.7419063105663173,0.7281907889738373,feature_223,0.0
1029,262,0.7454891306186094,0.728222315265873,feature_1025,0.0
1030,261,0.7420327282198027,0.7146864078043937,feature_220,0.0
1031,260,0.744495969855943,0.7257845711939961,feature_1023,0.0
1032,259,0.7461689954574204,0.727761163335762,feature_222,0.0
1033,258,0.7479912699942837,0.7351677819839298,feature_221,0.0
1034,257,0.7452375637161887,0.7254889154576826,feature_1032,0.0
1035,256,0.748012832871634,0.7312086388686934,feature_1042,0.0
1036,255,0.7451732978856542,0.725509877671191,feature_210,0.0
1037,254,0.7464011134900741,0.731381037172893,feature_1019,0.0
1038,253,0.7475354899593096,0.7353295555716635,feature_211,0.0
1039,252,0.7479451846289664,0.729488526416038,feature_215,0.0
1040,251,0.7444139463617083,0.7210381879292895,feature_216,0.0
1041,250,0.7442959847385565,0.723330898267566,feature_1027,0.0
1042,249,0.7470627978636685,0.7356010308753429,feature_229,0.0
1043,248,0.7454472732684587,0.7309365324356851,feature_1043,0.0
1044,247,0.7417223919065642,0.7243968755964709,feature_1022,0.0
1045,246,0.7442625834187392,0.7272823290951641,feature_217,0.0
1046,245,0.7470611066576018,0.7302156098001289,feature_1020,0.0
1047,244,0.7448731088088159,0.723804722952852,feature_219,0.0
1048,243,0.7464484672599417,0.7258502822217423,feature_1017,0.0
1049,242,0.7461609622286037,0.7281586498903492,feature_218,0.0
1050,241,0.7440516054619192,0.7289197669263856,feature_999,0.0
1051,240,0.7420669751426533,0.7228216031240978,feature_1006,0.0
1052,239,0.7448578879542158,0.7251123469593257,feature_1010,0.0
1053,238,0.743051679874986,0.7265695083453505,feature_998,0.0
1054,237,0.7445691145183277,0.7306772070331417,feature_214,0.0
1055,236,0.7478902204317988,0.7263162456276351,feature_1012,0.0
1056,235,0.7439154633735502,0.7254273502790043,feature_201,0.0
1057,234,0.7436102006785119,0.7205607692921422,feature_1013,0.0
1058,233,0.7475405635775096,0.7270421464610318,feature_209,0.0
1059,232,0.7437323903168305,0.7341848618689332,feature_200,0.0
1060,231,0.7467055305820793,0.7335881094646817,feature_196,0.0
1061,230,0.7429265306260507,0.7263127538696935,feature_1007,0.0
1062,229,0.746670860857712,0.7381645257064837,feature_1008,0.0
1063,228,0.7439201141902336,0.7216343099901278,feature_1005,0.0
1064,227,0.74410995207122,0.7256562607547425,feature_992,0.0
1065,226,0.7475777701109769,0.7330226006919406,feature_981,0.0
1066,225,0.7450312365760519,0.7270470532047839,feature_207,0.0
1067,224,0.7453644041711907,0.7278723537068038,feature_205,0.0
1068,223,0.7471080376259527,0.7326916186367778,feature_980,0.0
1069,222,0.7453956914834245,0.720013560907121,feature_997,0.0
1070,221,0.7448777596254993,0.7191196840293341,feature_996,0.0
1071,220,0.7447648716205475,0.7303321782921983,feature_206,0.0
1072,219,0.7431916271770049,0.7219534433525621,feature_204,0.0
1073,218,0.7444456564754589,0.7266857351434187,feature_199,0.0
1074,217,0.7484639620899248,0.7277675352583044,feature_213,0.0
1075,216,0.7453914634682577,0.7331825313142537,feature_1011,0.0
1076,215,0.7442820322885062,0.72389178318638,feature_189,0.0
1077,214,0.7466315403166615,0.7327868078467811,feature_1002,0.0
1078,213,0.7443978799040748,0.7261779423661833,feature_188,0.0
1079,212,0.7476534515824615,0.7373864609999944,feature_192,0.0
1080,211,0.7451246757112368,0.7264837552947502,feature_977,0.0
1081,210,0.7461871759226375,0.7284231885561087,feature_993,0.0
1082,209,0.7439514015024675,0.7229527209815323,feature_994,0.0
1083,208,0.7433176220289738,0.7240790536869935,feature_990,0.0
1084,207,0.7454176771622916,0.7274094903989584,feature_197,0.0
1085,206,0.7435336736039939,0.7257348687163481,feature_194,0.0
1086,205,0.744734429911347,0.7274212542090759,feature_982,0.0
1087,204,0.743818641826232,0.7275984669629252,feature_989,0.0
1088,203,0.7441687214820376,0.7302784139158514,feature_987,0.0
1089,202,0.7479570230714332,0.7291146235992471,feature_180,0.0
1090,201,0.7453775110182075,0.7304052932976899,feature_193,0.0
1091,200,0.746887335234249,0.7318226179302858,feature_183,0.0
1092,199,0.746643801560645,0.7309730909524503,feature_186,0.0
1093,198,0.7457888968939309,0.7323325107889412,feature_181,0.0
1094,197,0.74858276931611,0.7337488307182292,feature_1018,0.0
1095,196,0.7439382946554506,0.7278007876708982,feature_991,0.0
1096,195,0.7456590968283121,0.7302345836387452,feature_988,0.0
1097,194,0.7486880468937618,0.7327123880532584,feature_185,0.0
1098,193,0.7453589077514738,0.7242171413162976,feature_985,0.0
1099,192,0.7437898913230981,0.7237273179059074,feature_979,0.0
1100,191,0.746795164503614,0.732077519395622,feature_187,0.0
1101,190,0.7448764912209492,0.723863529155899,feature_198,0.0
1102,189,0.7466776256819788,0.7286348980938381,feature_984,0.0
1103,188,0.7433265008608239,0.7235723240149738,feature_973,0.0
1104,187,0.7472551725537551,0.7273696529054952,feature_191,0.0
1105,186,0.747198094349004,0.7309904840624598,feature_978,0.0
1106,185,0.7461182592754196,0.7222231129912323,feature_179,0.0
1107,184,0.7480610322445349,0.7318113776637192,feature_177,0.0
1108,183,0.7486867784892118,0.7324881865127151,feature_961,0.0
1109,182,0.7430267345855024,0.7252775169954464,feature_182,0.0
1110,181,0.7476948861310955,0.7297402778419568,feature_986,0.0
1111,180,0.7494791085314582,0.7327383097913126,feature_976,0.0
1112,179,0.746834062243148,0.7221926914172625,feature_176,0.0
1113,178,0.7493691801371231,0.733378230397709,feature_975,0.0
1114,177,0.7433789282488914,0.7283267957480047,feature_972,0.0
1115,176,0.7443784310343079,0.721874540679402,feature_178,0.0
1116,175,0.7458916376624827,0.730720842165145,feature_172,0.0
1117,174,0.7482259248360376,0.7302333878662592,feature_175,0.0
1118,173,0.744652829218629,0.7227931775648893,feature_171,0.0
1119,172,0.7453428412938403,0.7288270745411572,feature_173,0.0
1120,171,0.7474192195422242,0.7318931901919133,feature_971,0.0
1121,170,0.7475253427229094,0.7304288033087956,feature_164,0.0
1122,169,0.7492685533761547,0.7366098749442678,feature_168,0.0
1123,168,0.7437264710955971,0.7323730537890325,feature_966,0.0
1124,167,0.7453297344468234,0.7280936185334816,feature_967,0.0
1125,166,0.750347120045189,0.7352042226543938,feature_959,0.0
1126,165,0.7467220198412295,0.7376692806527954,feature_163,0.0
1127,164,0.7470543418333351,0.7306842780886065,feature_167,0.0
1128,163,0.7477181402145125,0.7357979679291982,feature_165,0.0
1129,162,0.7430187013566856,0.7251174370521307,feature_964,0.0
1130,161,0.7462112756090878,0.7280306626860298,feature_1003,0.0
1131,160,0.7495793124909097,0.7329065964128231,feature_169,0.0
1132,159,0.7480141012761841,0.7326155602196165,feature_968,0.0
1133,158,0.7469490642556833,0.7306357002821051,feature_957,0.0
1134,157,0.7487916332653469,0.731537405899455,feature_983,0.0
1135,156,0.7451014216278197,0.7225527368298831,feature_958,0.0
1136,155,0.7428385879105825,0.7214391980737368,feature_955,0.0
1137,154,0.7490292477177174,0.7309776321169354,feature_190,0.0
1138,153,0.7438803708476663,0.7269257353822347,feature_963,0.0
1139,152,0.7447737504523977,0.7220302979332378,feature_956,0.0
1140,151,0.7482102811799206,0.7402428733341133,feature_944,0.0
1141,150,0.7437290079046972,0.7256975320770295,feature_965,0.0
1142,149,0.7480690654733517,0.7360047989299036,feature_166,0.0
1143,148,0.7478081969375641,0.7299374788257408,feature_170,0.0
1144,147,0.7467820576565972,0.7278373476568523,feature_155,0.0
1145,146,0.7475460599972265,0.7266466934976337,feature_952,0.0
1146,145,0.7477481591221964,0.7316310448256594,feature_962,0.0
1147,144,0.7461715322665206,0.7280415284610711,feature_953,0.0
1148,143,0.746279769454789,0.724964882819447,feature_212,0.0
1149,142,0.746905515699466,0.7330669927712252,feature_160,0.0
1150,141,0.7460835895510525,0.7288070703287867,feature_159,0.0
1151,140,0.7475185778986426,0.7282864833543956,feature_158,0.0
1152,139,0.744939065845417,0.7275325377888955,feature_948,0.0
1153,138,0.7475435231881264,0.7315248780582568,feature_162,0.0
1154,137,0.7454857482064761,0.7302478342168499,feature_947,0.0
1155,136,0.7481561625857864,0.7334356537607545,feature_154,0.0
1156,135,0.7442000087942714,0.7209337052699218,feature_157,0.0
1157,134,0.7452066992054713,0.7245029017211783,feature_156,0.0
1158,133,0.7454155631547081,0.7287058038882664,feature_151,0.0
1159,132,0.7464696073357754,0.7336830681872726,feature_152,0.0
1160,131,0.7449783863864676,0.7255888904720269,feature_951,0.0
1161,130,0.7456210446918116,0.7299747809426658,feature_960,0.0
1162,129,0.7455944081962611,0.7324265907033206,feature_950,0.0
1163,128,0.7493357788173057,0.7368513745544574,feature_954,0.0
1164,127,0.7442769586703062,0.7307536763020451,feature_946,0.0
1165,126,0.7447581067962807,0.7250874397311747,feature_945,0.0
1166,125,0.74592884419595,0.7275006602648786,feature_146,0.0
1167,124,0.7461419361603533,0.7273062335181338,feature_147,0.0
1168,123,0.748264399774055,0.7390491922607514,feature_145,0.0
1169,122,0.7469981092316175,0.7308051759143903,feature_150,0.0
1170,121,0.7459854995991841,0.7263900175535118,feature_939,0.0
1171,120,0.7466442243621616,0.7260758970991036,feature_142,0.0
1172,119,0.7435586188934777,0.72526055657801,feature_942,0.0
1173,118,0.7468192641900645,0.7311373787016487,feature_938,0.0
1174,117,0.7435290227873106,0.723388603925702,feature_149,0.0
1175,116,0.7452548985783722,0.7300204189637944,feature_936,0.0
1176,115,0.7443306544629236,0.7280037489925615,feature_933,0.0
1177,114,0.7460286253538849,0.7299206667418516,feature_940,0.0
1178,113,0.7453128223861565,0.7323248292947728,feature_136,0.0
1179,112,0.7493053371081053,0.7343633838531891,feature_935,0.0
1180,111,0.7480525762142014,0.7350610857916519,feature_141,0.0
1181,110,0.7462467909364885,0.7308145101724913,feature_926,0.0
1182,109,0.7448194130161984,0.7269029280347364,feature_937,0.0
1183,108,0.7442033912064048,0.721869373965094,feature_932,0.0
1184,107,0.746694114941129,0.7320048784489963,feature_137,0.0
1185,106,0.7473414240631563,0.7345599747080903,feature_140,0.0
1186,105,0.7441704126881044,0.721730086978426,feature_143,0.0
1187,104,0.7454908218246761,0.7260270238082757,feature_135,0.0
1188,103,0.7446283067306619,0.725852231735899,feature_132,0.0
1189,102,0.7436537492347293,0.7226892522292527,feature_928,0.0
1190,101,0.7489658274902165,0.7297395176207541,feature_925,0.0
1191,100,0.7471084604274691,0.7300661264558981,feature_228,0.0
1192,99,0.7466750888728788,0.7300247285300413,feature_934,0.0
1193,98,0.7454806745882758,0.7302958742262418,feature_138,0.0
1194,97,0.7451978203736214,0.7244889927285638,feature_130,0.0
1195,96,0.7444663737497759,0.730007334838693,feature_930,0.0
1196,95,0.7447276650870802,0.727006899331172,feature_927,0.0
1197,94,0.7462505961501386,0.7287205698318577,feature_924,0.0
1198,93,0.7431019932554703,0.7225729125656226,feature_1021,0.0
1199,92,0.7455999046159779,0.7319948436864807,feature_922,0.0
1200,91,0.7441530778259209,0.724848922384673,feature_929,0.0
1201,90,0.7438080717883152,0.7215257419600813,feature_921,0.0
1202,89,0.7442896427158063,0.7265688653172323,feature_133,0.0
1203,88,0.747523228715326,0.7338668467618061,feature_923,0.0
1204,87,0.7469148173328328,0.7297942546138549,feature_174,0.0
1205,86,0.7448194130161983,0.7289932404361963,feature_129,0.0
1206,85,0.7475921453625439,0.7364751933801874,feature_920,0.0
1207,84,0.7467820576565973,0.7356546310020491,feature_126,0.0
1208,83,0.7451906327478378,0.7340094139456396,feature_125,0.0
1209,82,0.745100998826303,0.7271534574511833,feature_931,0.0
1210,81,0.7425236007806608,0.7239334779458297,feature_127,0.0
1211,80,0.7509990799838997,0.7321407799616928,feature_131,0.0
1212,79,0.7472462937219049,0.7277631186815169,feature_120,0.0
1213,78,0.7458307542440816,0.7290938897355856,feature_917,0.0
1214,77,0.7475257655244261,0.7343462191408072,feature_912,0.0
1215,76,0.7476225870717443,0.730547261838894,feature_121,0.0
1216,75,0.747798049701164,0.7258335602421959,feature_918,0.0
1217,74,0.7498499054615809,0.7344380066722359,feature_122,0.0
1218,73,0.7460793615358857,0.7264345691040166,feature_916,0.0
1219,72,0.745019398133585,0.724525599997295,feature_910,0.0
1220,71,0.7463647525596404,0.7286121619045615,feature_123,0.0
1221,70,0.7472957614993556,0.7380247453509672,feature_905,0.0
1222,69,0.7443987255071082,0.7255559347750489,feature_119,0.0
1223,68,0.748111345625019,0.7282757299988097,feature_911,0.0
1224,67,0.7447712136432976,0.7285902428802536,feature_914,0.0
1225,66,0.7474052670921741,0.7323053214895667,feature_117,0.0
1226,65,0.7461719550680372,0.72543971016817,feature_909,0.0
1227,64,0.7428597279864162,0.7275553847638603,feature_112,0.0
1228,63,0.7470818239319188,0.732638044015434,feature_111,0.0
1229,62,0.7499568742452993,0.7313796362132432,feature_904,0.0
1230,61,0.74614362736642,0.7309663420543826,feature_128,0.0
1231,60,0.7431848623527382,0.723418172485499,feature_913,0.0
1232,59,0.7457986213288144,0.7268092199155578,feature_899,0.0
1233,58,0.7451014216278197,0.7232374603211352,feature_908,0.0
1234,57,0.7485252683098425,0.734428720017013,feature_113,0.0
1235,56,0.7458658467699656,0.7292016423026078,feature_919,0.0
1236,55,0.745366518178774,0.7284364304655611,feature_903,0.0
1237,54,0.7453348080650235,0.7314402275071162,feature_897,0.0
1238,53,0.7484571972656581,0.7329101307317055,feature_901,0.0
1239,52,0.7464032274976576,0.7291154285614885,feature_907,0.0
1240,51,0.7463321968428565,0.7341237999016356,feature_902,0.0
1241,50,0.7475350671577929,0.7303140046451827,feature_106,0.0
1242,49,0.7449065101286331,0.7266031054968822,feature_110,0.0
1243,48,0.7446663588671625,0.725322997732581,feature_115,0.0
1244,47,0.7447420403386471,0.7259701478293543,feature_114,0.0
1245,46,0.7453162047982899,0.7255944285215628,feature_896,0.0
1246,45,0.7524036266222893,0.7409104636154641,feature_100,0.0
1247,44,0.7484225275412908,0.7336584398700248,feature_906,0.0
1248,43,0.747687698505312,0.7264638707179887,feature_116,0.0
1249,42,0.7446058982502781,0.7227083185403673,feature_108,0.0
1250,41,0.7476213186671944,0.7334568711142639,feature_105,0.0
1251,40,0.748010296062534,0.7299012020699598,feature_103,0.0
1252,39,0.7477075701765956,0.724993848368095,feature_94,0.0
1253,38,0.7482660909801216,0.737683071011966,feature_93,0.0
1254,37,0.748656759581528,0.7294312532200862,feature_895,0.0
1255,36,0.7448016553524981,0.7253323267063457,feature_107,0.0
1256,35,0.7485933393540269,0.7345224725953483,feature_95,0.0
1257,34,0.7459102409292162,0.7274132803700981,feature_96,0.0
1258,33,0.7485692396675765,0.7359631988779926,feature_97,0.0
1259,32,0.7469177769434494,0.7326413871046236,feature_898,0.0
1260,31,0.7488474430655477,0.7348418144104087,feature_99,0.0
1261,30,0.7448629615724158,0.7258376425864067,feature_102,0.0
1262,29,0.7469422994314164,0.7386672950389443,feature_1031,0.0
1263,28,0.7482403000876046,0.731918195902868,feature_101,0.0
1264,27,0.7456354199433785,0.729349672007613,feature_124,0.0
1265,26,0.7443353052796071,0.7254569469637582,feature_1044,0.0
1266,25,0.7474982834258423,0.7306730843322726,feature_118,0.34085456218624144
1267,24,0.7496220154440938,0.7333896396519417,feature_139,0.32881408626983294
1268,23,0.7474889817924755,0.7285038619840597,feature_104,0.3331720215039953
1269,22,0.7479654791017666,0.7312572785286544,feature_851,0.8987006475078408
1270,21,0.7494905241724084,0.7295537527483661,feature_437,0.799272005637225
1271,20,0.749151437356036,0.7335492551653054,feature_941,1.1808610385462819
1272,19,0.7476187818580944,0.7342430511429813,feature_894,1.5655972022836298
1273,18,0.7487789492198467,0.7290566707541106,feature_258,2.414136300769017
1274,17,0.7498659719192144,0.733990272713296,feature_208,2.5187440625838056
1275,16,0.7465351415708598,0.7355059469670656,feature_1014,2.7449321196666827
1276,15,0.7461512377937203,0.7259988569084859,feature_161,2.618820113332649
1277,14,0.7490279793131673,0.7284755701040821,feature_364,4.041209298991317
1278,13,0.7440604842937693,0.7275422790010354,feature_148,3.96412904239807
1279,12,0.7416547436638965,0.7314564332534492,feature_970,3.2206762504256234
1280,11,0.7415794849939286,0.7295829309617138,feature_943,4.059280924528063
1281,10,0.7457022225830128,0.7366075755259898,feature_92,5.202752990329805
1282,9,0.7335166600709631,0.7268989676182052,feature_1047,5.468880828606833
1283,8,0.72987803021847,0.7184080277008482,feature_134,7.786177667657747
1284,7,0.7257675538733692,0.7118628306423781,feature_195,9.38087102590794
1285,6,0.7265488910761821,0.7191692428459013,feature_98,6.256348030376324
1286,5,0.7241465328584427,0.7196309860389567,feature_915,14.974845686137332
1287,4,0.6988173395975606,0.6797754745172802,feature_144,17.758808128324354
1288,3,0.6804998866891936,0.6673740495197222,feature_525,21.853368583678087
1289,2,0.6672691588279265,0.6527589384928842,feature_969,42.84510085277392
1290,1,0.6545622820458181,0.6232754725906213,feature_1036,100.0
